empleadas,por,cualquier,usuario,o,programador,de,una,computadora,De,igual,manera,cumplen,un,buen,papel,en,la,toma,de,arboles.wordpress.com
Los,árboles,a,diferencia,de,las,listas,son,una,estructura,de,datos,de,no,lineal,atendiendo,más,a,una,estructura,de,arboles.wordpress.com
tipo,jerárquico,Los,árboles,son,sin,duda,una,de,las,estructuras,de,datos,no,lineales,empleadas,en,informática,arboles.wordpress.com
tanto,para,resolver,problemas,de,hardware,como,de,software,Los,árboles,de,directorios,son,organizaciones,bastante,arboles.wordpress.com
decisiones,valido,como,árbol,de,decisiones,arboles.wordpress.com
La,lista,enlazada,es,un,TDA,que,nos,permite,almacenar,datos,de,una,forma,organizada,al,igual,que,los,vectores,pero,listas.edu.ar
árboles,son,sin,duda,una,de,las,estructuras,de,datos,no,lineales,a,diferencia,de,estos,esta,estructura,es,dinámica,por,lo,que,no,tenemos,que,saber,a,priori,los,elementos,que,puede,listas.edu.ar
como,un,conjunto,de,variables,que,tienen,el,mismo,contener,En,una,lista,enlazada,cada,elemento,apunta,al,siguiente,excepto,el,último,que,no,tiene,sucesor,y,el,valor,listas.edu.ar
del,enlace,es,null,Por,ello,los,elementos,son,registros,que,contienen,el,dato,a,almacenar,y,un,enlace,al,siguiente,listas.edu.ar
por,cualquier,usuario,o,programador,de,una,computadora,elemento,Los,elementos,de,una,lista,suelen,recibir,también,el,nombre,de,nodos,de,la,lista,listas.edu.ar
En,su,momento,definimos,array,como,un,conjunto,de,variables,que,tienen,el,mismo,nombre,y,se,diferencian,a,aprenderaprogramar.com
es,null,Por,ello,los,elementos,son,registros,que,contienen,través,de,uno,o,varios,localizadores,El,array,de,un,localizador,se,asocia,con,la,idea,de,lista,vector,o,matriz,aprenderaprogramar.com
de,una,sola,fila,y,el,de,dos,localizadores,con,la,idea,de,matriz,o,tabla,Trabajaremos,conceptos,sobre,todo,aprenderaprogramar.com
basándonos,en,estos,arrays,por,ser,los,más,comunes,sin,que,ello,signifique,que,no,se,puedan,aplicar,a,arrays,aprenderaprogramar.com
de,más,dimensiones,Vamos,a,establecer,unas,pautas,aprenderaprogramar.com
Python,es,un,lenguaje,de,programación,de,propósito,general,muy,poderoso,y,flexible,a,la,vez,que,sencillo,python.org.ar
y,fácil,de,aprender,Es,un,lenguaje,de,alto,nivel,que,permite,procesar,fácilmente,todo,tipo,de,estructuras,python.org.ar
arrays,por,ser,los,más,comunes,sin,que,ello,signifique,que,no,se,puedan,aplicar,de,datos,tanto,numéricos,como,de,texto,Es,relativamente,joven,Fortran,1957,Pascal,1970,C,1972,Modula-2,1978,python.org.ar
por,cualquier,usuario,o,programador,de,una,computadora,Java,1991,Toma,características,de,lenguajes,predecesores,incluso,compatibilizando,la,solución,de,varios,de,python.org.ar
ellos,Por,ejemplo,habilita,tres,formas,de,imprimir,el,valor,de,una,variable,desde,el,entorno,interactivo,python.org.ar
escribiendo,su,nombre,como,en,Basic,usando,la,función,print,con,concatenación,de,elementos,al,estilo,del,python.org.ar
write,de,Pascal,o,bien,con,patrones,de,formato,al,estilo,del,printf,de,C,python.org.ar
Es,una,técnica,utilizada,en,Es,un,lenguaje,de,alto,nivel,que,permite,procesar,fácilmente,programación,que,nos,permite,que,un,bloque,de,instrucciones,se,ejecute,un,geekytheory.com
cierto,número,de,veces,el,que,nosotros,determinemos,A,veces,es,algo,complicado,de,entender,pero,no,os,geekytheory.com
preocupéis,Cuando,veamos,los,ejemplos,estará,clarísimo,En,Java,como,en,otros,muchos,lenguajes,los,métodos,geekytheory.com
pueden,llamarse,a,sí,mismos,Gracias,a,esto,podemos,utilizar,a,nuestro,favor,la,recursividad,en,lugar,de,geekytheory.com
la,iteración,para,resolver,determinados,tipos,de,problemas,geekytheory.com
Una,pila,stack,Cuando,veamos,los,ejemplos,estará,clarísimo,En,Java,como,en,otros,muchos,es,un,objeto,similar,a,una,pila,de,platos,donde,se,puede,agregar,y,sacar,datos,sólo,inf.udec.cl
utilizada,en,programación,que,nos,permite,que,un,bloque,de,instrucciones,por,el,extremo,superior,En,computación,esta,estructura,es,utilizada,ampliamente,aunque,muchas,veces,inf.udec.cl
como,un,conjunto,de,variables,que,tienen,el,mismo,los,usuarios,ni,siquiera,se,percaten,Están,tan,arraigadas,como,concepto,en,computación,que,una,de,inf.udec.cl
las,pocas,cosas,que,los,procesadores,CPU,saben,hacer,aparte,de,operaciones,aritméticas,es,usar,pilas,inf.udec.cl
Cola,Es,una,estructura,de,datos,caracterizada,por,ser,una,secuencia,de,elementos,en,la,que,la,operación,programacionuno.wordpress.com
procesadores,CPU,saben,hacer,aparte,de,operaciones,aritméticas,de,inserción,se,realiza,por,un,extremo,y,la,operación,de,extracción,por,el,otro,También,se,le,llama,programacionuno.wordpress.com
estructura,FIFO,En,inglés,First,in,First,Out,debido,a,que,el,primer,elemento,que,entra,es,el,primero,en,salir,programacionuno.wordpress.com
